event_id,event_type,user_id,timestamp
1,UserRegistered,b3274fe7-5a88-480b-8a7e-73357389974e,2025-05-15 12:05:37
2,UserRegistered,7218fe34-5b4a-40f7-8ec9-4b4c3923df6c,2025-05-19 15:11:58
3,UserRegistered,4b0559a6-c60d-46a3-961f-be09ea0ff98e,2025-05-12 07:32:10
4,UserRegistered,9b09e8a8-bd20-4d1b-a549-f84659b8d51c,2025-05-03 08:36:16
5,UserRegistered,c2a4ecdb-a5a1-4950-a5f8-e67ae6ed935f,2025-06-01 22:07:33
6,UserRegistered,41b5b4e0-be8b-490f-be4b-414da98eefc3,2025-05-31 02:58:44
7,UserRegistered,71581860-e275-49d6-9b98-3c5232f6dce5,2025-05-27 08:25:20
8,UserRegistered,ec37fd12-8aa6-4c8e-a275-55f1dacc7281,2025-05-07 00:03:24
9,UserRegistered,622d9440-83de-418c-8045-053af0a04f98,2025-05-04 06:50:13
10,UserRegistered,cf422690-7d7c-4c2b-9467-ac3ba554db40,2025-05-30 09:29:27
11,UserRegistered,db8088d5-41f8-44cf-b9f6-4254f644f058,2025-05-08 03:33:52
12,UserRegistered,a814cf6f-15a0-4e17-adbb-b164dad47e46,2025-05-11 03:52:14
13,UserRegistered,be2450d7-11ef-47e8-be24-ad79f83417d0,2025-05-12 08:25:05
14,UserRegistered,b25e6722-66ff-4ca1-8c2f-3f5910b7d968,2025-05-18 20:59:00
15,UserRegistered,9e383695-83d4-4ebe-81f3-3503322e7a14,2025-05-21 00:53:17
16,UserRegistered,8ec91c58-1a5c-48b0-beb5-83cdd74b9c09,2025-05-13 04:08:47
17,UserRegistered,0e0e6d47-2b72-44ed-8d55-6ba8b743baa9,2025-05-20 03:50:32
18,UserRegistered,079a83b7-c7a4-4940-91e4-2f14d3128c7d,2025-05-22 15:42:28
19,UserRegistered,d304a8ac-39bc-4958-8785-951a7e7133d4,2025-05-27 23:57:42
20,UserRegistered,8fbfb442-b3bf-4e58-b09a-6b9d8ac50835,2025-05-19 12:57:19
21,UserRegistered,ad2f5327-2196-4cd0-8e03-bdb1fccd253b,2025-05-26 03:51:41
22,UserRegistered,14916c30-6e30-456b-b90c-e278f0c393cb,2025-05-17 03:43:31
23,UserRegistered,8d2ad81d-b837-4cfc-b785-6e08dba9655c,2025-05-25 17:56:10
24,UserRegistered,eb64c08a-2f8b-4c0b-b12c-0fa0176f5b0e,2025-05-09 05:33:17
25,UserRegistered,1337563b-e767-48e8-ae68-85c3942439ca,2025-05-30 05:39:01
26,UserRegistered,99a3a41d-371e-4845-b11f-c86e022c7a38,2025-05-26 08:51:39
27,UserRegistered,680dfe41-f1ad-4a99-ac3e-d01cabe9370d,2025-05-06 05:12:12
28,UserRegistered,7a8f0f44-9ec0-4ea4-a65e-91ffdcd34a8c,2025-05-26 02:51:40
29,UserRegistered,b05233a2-c52e-486f-8a54-e800c1ecb24c,2025-05-07 15:53:20
30,UserRegistered,4bea5a75-bc37-4440-8a2b-244c0f40cca7,2025-05-26 09:11:35
31,UserRegistered,f7634728-a0cd-4635-b624-c94df22177d5,2025-05-16 09:14:40
32,UserRegistered,c3f50018-c9e6-4ff0-8b69-0619b7e2fe16,2025-05-23 21:32:53
33,UserRegistered,811f0b6e-9900-46f0-a93b-c4d993f45e9c,2025-05-31 02:44:27
34,UserRegistered,b346329f-e2ff-4592-811c-5cf11f720e70,2025-05-20 08:56:12
35,UserRegistered,dfefc27d-d4da-457b-bd84-01138a192e19,2025-05-13 16:25:30
36,UserRegistered,0685a957-f44c-4b3c-b81f-d06c812b1d99,2025-05-05 07:15:59
37,UserRegistered,7c7ef0e6-a8cf-4a4a-8533-40f2f03bdd1e,2025-05-15 00:51:39
38,UserRegistered,057b0f9c-a105-4fde-9865-bc0aa299d530,2025-05-05 12:21:39
39,UserRegistered,1ffed75d-3b2d-478f-b304-a41f60faa7b4,2025-05-09 21:54:21
40,UserRegistered,acc3280d-3520-491b-a2ee-5c88d438d70e,2025-05-03 07:16:52
41,UserRegistered,59a04344-eff9-4932-96bf-17d918375ea1,2025-05-03 15:56:22
42,UserRegistered,4087edd6-bbe8-40de-aac3-dbd38b5824f2,2025-05-06 03:58:32
43,UserRegistered,8f4b3ae4-bae1-49e3-8458-cda785331713,2025-05-09 19:52:06
44,UserRegistered,be1b2b83-425a-48c6-85ae-03a14744257d,2025-05-16 09:58:10
45,UserRegistered,04d291a2-3a24-4be7-bb67-84ccfba0b1ca,2025-05-30 13:28:22
46,UserRegistered,8e0f51b6-627c-4e25-b614-5655a75a76fb,2025-05-08 07:18:20
47,UserRegistered,0700834f-5b3c-4e5f-801d-83b7f83ee9b3,2025-05-07 15:04:51
48,UserRegistered,03c96365-e5fa-4329-bc85-7d1ff1ed0960,2025-05-14 20:19:56
49,UserRegistered,43fc8643-b2e3-4763-991e-d608bcbe64de,2025-05-04 00:28:54
50,UserRegistered,1549bdf5-c628-4cdb-ae9a-ec830f7b8f50,2025-05-23 21:14:29
51,UserRegistered,5266ebda-9ba4-49a9-86df-af50e99f9cd4,2025-05-27 04:33:48
52,UserRegistered,0221bc65-0991-4e39-960c-d3fc889140fd,2025-05-23 23:20:53
53,UserRegistered,dc0d18ce-739c-458a-973c-d776705287cf,2025-06-01 17:31:22
54,UserRegistered,80dcff2f-5816-4a08-9263-b6160fd445a2,2025-05-18 07:51:38
55,UserRegistered,043321d0-8dc8-4e10-9025-74910145bafa,2025-05-21 06:47:24
56,UserRegistered,bf71de9e-fff9-4cdb-a24c-a91b52c15aa4,2025-05-25 10:07:27
57,UserRegistered,190cea23-ee2f-42ef-925e-8baa4f8726db,2025-05-19 21:11:18
58,UserRegistered,36ce9b02-c7b8-42c6-b0d5-dfda18d46015,2025-05-08 13:23:09
59,UserRegistered,f3e3224f-eef1-4011-8cf9-a1da760e0b78,2025-05-24 05:41:49
60,UserRegistered,ef430432-9ecf-499b-940d-e97d0fc9f08e,2025-05-22 20:54:47
61,UserRegistered,409b2b24-0a11-4730-ab7d-c32219f25d24,2025-05-21 18:44:17
62,UserRegistered,2623a059-584d-4f36-a15b-2d1d945cacce,2025-05-17 06:39:17
63,UserRegistered,5bbe90cb-eda7-47e6-b838-435c924d17d7,2025-05-14 12:58:37
64,UserRegistered,7d53edc1-1523-4419-a7bb-90e6afd1b9db,2025-05-08 18:55:21
65,UserRegistered,d8aa7871-a23b-41e5-8120-779f8f9c4f2c,2025-05-08 10:41:11
66,UserRegistered,ba335884-8167-478b-9d95-60dda6949a9d,2025-05-13 21:44:02
67,UserRegistered,3d75c8e9-949f-455b-99f9-f2b873e357f0,2025-05-04 03:05:47
68,UserRegistered,fa007cbc-6612-460f-b637-cbe36225eb14,2025-05-27 21:10:56
69,UserRegistered,11fd8b0a-d43b-403a-a22f-d54025c263b1,2025-05-14 06:08:57
70,UserRegistered,9ba3be5e-4f33-416b-849c-a30e2b7b4a1e,2025-05-12 11:35:13
71,UserRegistered,4d14bcf0-d746-4267-b822-dd39598649cb,2025-05-30 00:42:11
72,UserRegistered,9d01b996-ca54-4d39-a7ac-288d8c2b18cb,2025-05-25 01:23:53
73,UserRegistered,526bc48a-e481-475e-996a-5398f9c98b1a,2025-05-24 05:12:22
74,UserRegistered,7a0df931-fca1-47bf-87a4-9ce6095460d1,2025-05-12 11:43:54
75,UserRegistered,321e64fd-7b30-438f-bdac-293c95c48bbc,2025-05-09 19:08:27
76,UserRegistered,cb60c88e-8f1d-4d8f-b569-fe2477269f9f,2025-05-10 12:50:27
77,UserRegistered,f212e0d9-a210-4361-8625-1e2b3717df62,2025-05-19 21:17:24
78,UserRegistered,d18d23b1-5249-4e34-a409-50c079878185,2025-05-12 22:47:34
79,UserRegistered,56991a27-e45f-4d18-a690-a8edaf4af5bd,2025-05-26 21:48:14
80,UserRegistered,bbdd7884-d89f-4fd8-9194-6fdea3caeb86,2025-05-18 15:54:57
81,UserRegistered,4b52b75c-4373-4f29-8249-f4a54be38552,2025-05-11 00:17:56
82,UserRegistered,3685d8fd-8d07-4709-83ab-895bbc6ec193,2025-05-19 10:03:51
83,UserRegistered,fed52b9e-7217-4a65-af5c-d51778759a17,2025-05-28 10:52:21
84,UserRegistered,f343ac43-cd55-4be1-bf4d-b6773e8f25a1,2025-05-11 20:35:00
85,UserRegistered,48672263-895f-4ad7-8a70-7e5b78cdac7b,2025-05-17 22:55:45
86,UserRegistered,2a7bc360-08e5-4710-828b-41e81670868b,2025-06-01 01:57:56
87,UserRegistered,b9a720b1-e1c8-44e1-82f2-5141a3a3786b,2025-05-31 02:50:57
88,UserRegistered,3e7a52ed-b405-4452-b628-a786c6743905,2025-05-08 04:40:10
89,UserRegistered,c7c05706-bb96-4425-8ed5-f9e65c48ffff,2025-05-20 16:57:43
90,UserRegistered,163a2eb0-ec83-465b-b972-cc11d24df25b,2025-05-31 02:27:03
91,UserRegistered,a332915a-52da-4b26-8f8e-a1df772a5c50,2025-05-13 11:27:20
92,UserRegistered,645f06a3-21f1-494a-8679-15b6a079e766,2025-05-26 12:52:33
93,UserRegistered,4303b0a2-52c8-4492-b113-7d563cff32fb,2025-05-03 15:35:39
94,UserRegistered,8198327e-1257-4993-b9d1-f21043f75825,2025-05-23 21:39:26
95,UserRegistered,a53742a4-21ef-4f5b-bbe1-1eed237e67c8,2025-05-04 08:47:18
96,UserRegistered,8dba0bfb-3c87-4bd4-94d2-9f723c91a679,2025-06-01 01:41:00
97,UserRegistered,ecf3bea7-d04c-4947-a836-50386eaf5b4c,2025-05-23 18:20:13
98,UserRegistered,e0324b9b-c3a9-411d-8419-dd3ef9db06b8,2025-05-12 20:13:50
99,UserRegistered,696a3085-2ecf-4578-9803-5d5826ebe829,2025-05-14 05:33:34
100,UserRegistered,dd91e3a9-6bdc-4a0a-900d-4f3d3c45c01f,2025-05-18 13:01:03
101,UserRegistered,7c195f8c-b144-4a4e-95d0-42f03b5e7004,2025-05-07 01:09:18
102,UserRegistered,570e66d2-475d-44ec-9fa2-78d1b1c69059,2025-05-17 11:16:26
103,UserRegistered,2c227efb-6798-43f1-9dc4-9619f125a181,2025-05-30 14:55:15
104,UserRegistered,1a030a77-f90c-480a-b1e3-64c4c9fe5365,2025-05-04 13:42:54
105,UserRegistered,c36e0ef2-ed90-495e-a213-19411c902ba3,2025-05-08 04:45:10
106,UserRegistered,cd773eb8-c92c-4b0c-8452-53bd74a555e5,2025-05-08 12:58:13
107,UserRegistered,6b9971a9-5cf4-495d-a989-d566da2aa4c8,2025-05-16 05:30:20
108,UserRegistered,ff658fd0-1792-4c5d-986d-f6ee9b250689,2025-05-16 17:17:52
109,UserRegistered,4e1eef6b-da31-4345-90d5-28440ec6a9a7,2025-05-19 09:28:03
110,UserRegistered,9c15d9c8-a25c-4376-95c8-3a2fcd3e53a4,2025-05-05 19:58:53
111,UserRegistered,53ad7688-2fec-4e91-af20-6e72ac91ce91,2025-05-18 06:21:47
112,UserRegistered,0db3acac-7947-40e3-9a7a-ebec55b2420b,2025-05-20 07:59:01
113,UserRegistered,425a5457-1b8e-424b-983c-5cbba2860cc2,2025-05-04 01:37:09
114,UserRegistered,501363f8-210e-4c6b-a3c0-a08aeb41bb38,2025-05-29 20:07:49
115,UserRegistered,243dc427-b907-4a44-b784-913ab5803c2a,2025-05-07 22:07:44
116,UserRegistered,57c57977-0495-4776-adf5-a5716b716788,2025-05-17 19:37:01
117,UserRegistered,d8665466-855b-4e77-a7d1-b93924936b4f,2025-05-27 21:13:30
118,UserRegistered,08d9801a-ce64-41ed-9106-3c1fc690ffaa,2025-05-11 01:06:12
119,UserRegistered,db5b2938-dfe6-4e62-aefb-4e0d7fe09e9b,2025-05-31 01:03:17
120,UserRegistered,e3ab34b0-5ed8-4adf-8f20-7b9cf914ff34,2025-05-20 21:10:47
121,UserRegistered,4f6ae8cf-ed15-47f8-89bd-87bcbc5924ea,2025-05-16 13:14:28
122,UserRegistered,2afa21c3-91d2-4eb0-8bb3-86dc8d4c0faa,2025-05-13 07:50:29
123,UserRegistered,894313b7-ba5e-4f95-9373-105297f6cb8b,2025-05-27 04:17:15
124,UserRegistered,8bf524e4-21cd-4e58-b431-dc924d655eed,2025-05-09 05:32:25
125,UserRegistered,02035397-93f4-45e4-a247-063b5e457112,2025-06-01 05:27:45
126,UserRegistered,af67c950-3ff9-4133-9ce9-abc316cff731,2025-05-27 12:34:02
127,UserRegistered,01825406-e49b-4386-b400-2378af1ff00e,2025-05-12 15:27:25
128,UserRegistered,a1f16479-c072-4b06-b6d7-af4d403ca98a,2025-05-12 01:20:52
129,UserRegistered,b470853d-ebf3-426c-89e5-a85ec1072c76,2025-05-24 21:25:45
130,UserRegistered,683de73b-653e-4015-92a4-63d9c163dc71,2025-05-31 17:34:33
131,UserRegistered,e700156f-dfd3-4311-8300-9a4cc714882f,2025-05-17 07:32:20
132,UserRegistered,d271987d-05bf-4b44-82c4-94ad2db0013d,2025-05-20 19:51:43
133,UserRegistered,20609efd-c993-40bc-8780-45c2a86420db,2025-05-19 01:16:16
134,UserRegistered,d324a6a4-ac15-4b1e-af09-813994723a7e,2025-05-14 05:42:42
135,UserRegistered,e5beb67d-f179-4d5e-9cf1-90dca69557cf,2025-05-25 12:14:47
136,UserRegistered,c4399bac-6a09-4c52-8709-84dc000e5380,2025-05-17 23:36:39
137,UserRegistered,fdc7543e-a775-40f4-8046-78dbe7ba500f,2025-05-07 09:07:58
138,UserRegistered,49b254f4-57a9-4b24-a345-fab4c71fb9e0,2025-05-04 23:00:51
139,UserRegistered,da88ceff-9827-4e7d-9dc4-4f84e2bbc9b6,2025-05-18 04:50:39
140,UserRegistered,7ad0704e-7af6-423b-9da9-acce3c42a068,2025-05-15 08:25:45
141,UserRegistered,c082c5f8-ed43-4dcd-8b30-1531cfad7726,2025-05-22 08:12:38
142,UserRegistered,7e3bee3f-af30-4fae-97b4-9ed583230786,2025-05-31 10:59:51
143,UserRegistered,5f3b0c62-ea07-44fe-91e5-5d96d0799693,2025-05-18 18:58:39
144,UserRegistered,313616d7-94a0-45a1-ab93-e2e5943e8507,2025-05-04 00:03:26
145,UserRegistered,779815bb-c5f8-48de-b89c-4bc5f8c9b75c,2025-05-30 03:39:18
146,UserRegistered,d3b0ea0c-d340-44ed-9028-f98b5492773d,2025-05-06 05:57:53
147,UserRegistered,7b2e3f47-1616-41c4-8513-0579b83c483e,2025-05-13 02:35:15
148,UserRegistered,53d2a2bd-1f53-4d9b-90c8-af018f6a10d8,2025-06-01 11:25:58
149,UserRegistered,70ad93db-aa6d-45cb-b534-109cf1dbd11a,2025-05-10 05:19:59
150,UserRegistered,1cae07c5-94c1-4a78-8261-e3017b8eefcc,2025-05-29 12:48:28
151,UserRegistered,df4abaeb-bdf9-4e15-8bbd-a5daf766eb4c,2025-05-25 13:46:42
152,UserRegistered,3658a056-7139-4027-b32d-620cd8b3585e,2025-05-14 09:41:00
153,UserRegistered,9b14e7ee-ce59-4be7-a2aa-8b4094cd6f68,2025-05-16 17:46:41
154,UserRegistered,e79d90e6-f57d-4623-aecb-9487a23bf6f9,2025-05-26 12:06:44
155,UserRegistered,0e73551a-af32-49e8-b66a-5b4e5f753716,2025-05-07 10:41:15
156,UserRegistered,26be05e0-783d-40c2-9db0-c3b428fc9844,2025-05-28 08:53:11
157,UserRegistered,ae039f71-034b-44b0-8219-3e5182090923,2025-05-16 09:33:22
158,UserRegistered,9184b086-7486-4b4d-a9e5-8e164bc051be,2025-05-05 12:04:02
159,UserRegistered,6b8b7fe6-1f8f-4799-ac40-bcce974d8100,2025-05-12 13:08:48
160,UserRegistered,a5787ea2-67ef-4fd1-ae6a-8ef9e51b2c12,2025-05-08 01:49:04
161,UserRegistered,4651426e-8652-4d53-91cc-e9f79af21cd3,2025-05-25 13:57:17
162,UserRegistered,3d621ad5-b34f-4b23-b507-8e4d1585b913,2025-05-27 04:44:33
163,UserRegistered,6934b846-768d-4f10-985d-ed6cff6270e7,2025-05-17 17:21:37
164,UserRegistered,02db023a-41ca-416c-b89a-aabbd272a93d,2025-05-04 02:43:31
165,UserRegistered,ab35efe2-86cf-42de-ae74-72fee8cf9675,2025-05-27 14:36:58
166,UserRegistered,8318164e-fb55-415b-b4c4-efacb95ed4b6,2025-05-23 19:56:49
167,UserRegistered,a7b252b5-d87f-4698-b46a-fffd37cc3f28,2025-05-13 19:44:56
168,UserRegistered,693ad649-65f1-4da7-a455-728ade4f80bc,2025-05-28 21:18:58
169,UserRegistered,e4bc7a30-f70a-4c1d-b617-a0943db79027,2025-05-27 11:46:50
170,UserRegistered,21dd0dcc-1664-4ffd-8501-4ee51daf42f9,2025-05-14 11:00:45
171,UserRegistered,211d84c8-2d84-405c-b7f0-43a05254f635,2025-05-26 18:30:10
172,UserRegistered,c07ffa92-11c6-4c25-9ada-e98ef083c068,2025-05-09 09:19:03
173,UserRegistered,b557b080-9b93-4308-818f-2ad30fce2e57,2025-05-26 19:31:18
174,UserRegistered,4bd3cdbe-26b0-445f-91ab-39b8350ece85,2025-06-01 19:09:35
175,UserRegistered,f6040898-5947-436a-bbad-0675f6778932,2025-05-05 19:59:08
176,UserRegistered,b8c68bc8-5270-4414-a087-7d1a2aa6a1f2,2025-05-06 02:53:47
177,UserRegistered,5e5aa8ed-2ad9-4808-9f73-405222cbf716,2025-05-28 11:02:00
178,UserRegistered,7359c8f8-4530-4557-b17f-70dc28c1ec57,2025-05-25 02:00:31
179,UserRegistered,27c0d4f0-d35e-4df1-9787-e4c27fdd7594,2025-05-14 23:29:13
180,UserRegistered,8c09b4ab-1a6f-478b-89bd-dcec3bb03841,2025-05-24 20:49:14
181,UserRegistered,2fee7b89-91ef-4bce-b04c-b4de3f894990,2025-05-20 18:30:36
182,UserRegistered,455b6343-a43b-47ea-b61a-afe14dca82f9,2025-05-09 07:54:01
183,UserRegistered,89b7850b-a26b-4b1c-9957-744be0e5037d,2025-05-05 14:07:39
184,UserRegistered,7eb2c2e2-b316-4b87-908d-04338c4562eb,2025-05-05 09:08:44
185,UserRegistered,f85fabf8-cd71-4604-8b30-3daa5a7b8b84,2025-05-09 13:41:33
186,UserRegistered,73e2b67d-0fd6-44b1-8ba6-b8851ba888e5,2025-05-11 10:59:42
187,UserRegistered,5ca7f73d-8877-4455-977c-61f56ac4bc15,2025-05-25 14:23:07
188,UserRegistered,0d91c597-5b81-4451-9205-724e0cb6419e,2025-05-04 19:22:04
189,UserRegistered,71957f44-580b-4635-959a-e2d851153289,2025-05-26 15:35:14
190,UserRegistered,1a0dbf4c-d986-46d0-8750-7397c376a6ec,2025-05-30 02:18:08
191,UserRegistered,da2f0256-48b9-4600-be8d-6d8a8e28ef30,2025-05-26 15:26:50
192,UserRegistered,b0501af4-adaf-422c-9f5c-4a6598598970,2025-05-29 05:46:26
193,UserRegistered,0a22f686-424e-4776-bedd-8f3afabef620,2025-05-13 07:27:28
194,UserRegistered,59d099c2-eee6-44fe-87fa-f1c4af80f6d4,2025-05-26 07:23:26
195,UserRegistered,1a616a88-0848-4556-8ad2-097d3a12e114,2025-05-19 05:10:56
196,UserRegistered,629f9d48-37e4-4f6c-952c-16c3c9d61e15,2025-05-12 06:36:54
197,UserRegistered,6d59deaf-46b6-476b-a98b-8f351206fbb5,2025-05-13 21:11:21
198,UserRegistered,2319cc0b-584c-48ba-991e-b9ae09d19c45,2025-05-28 01:23:42
199,UserRegistered,34406ee6-fbd1-45ed-b197-6089058093cf,2025-05-14 17:55:59
200,UserRegistered,ba878c21-72e4-4ae9-a9bf-5a370b0a93d6,2025-05-04 01:11:45
201,UserRegistered,74d40503-d923-46cb-a16d-64a5a0ac2a4f,2025-05-04 00:44:37
202,UserRegistered,525dcaba-ff83-4007-b0a2-5f40e08966cb,2025-05-09 12:36:32
203,UserRegistered,c38cb6da-ff1d-46cf-a22d-b83bfcbd35a2,2025-05-30 19:43:00
204,UserRegistered,efb8ce19-7a71-405a-9aef-455c43fcac1c,2025-05-29 01:41:12
205,UserRegistered,9e07aaf8-7dd3-4bfe-852e-e3a11cec4023,2025-05-15 02:46:00
206,UserRegistered,f3dc346e-52ac-422b-87c9-caa8b2b6cc5f,2025-05-14 19:28:23
207,UserRegistered,0f99772b-cc5d-471e-92f3-ca9f982f9fe2,2025-05-05 13:44:16
208,UserRegistered,0d63b24e-81f5-456e-b883-0c458821e20c,2025-05-22 17:28:36
209,UserRegistered,ce4a1803-c844-44b5-bf7f-c7aeb8fb5a9c,2025-05-26 12:58:31
210,UserRegistered,46a141da-5f2c-4161-a069-e9c36dc414c6,2025-05-22 00:46:26
211,UserRegistered,31d9753c-7d62-469a-a3b5-1511108eb42b,2025-05-11 11:42:27
212,UserRegistered,cf5eae6e-c771-4671-9339-702f9c3b8ade,2025-05-05 20:48:21
213,UserRegistered,0df4ed0c-805f-4c8f-b6b3-244d7e5c3af0,2025-05-19 16:29:23
214,UserRegistered,a4bc3564-14f2-456a-ac69-6a516acfe93a,2025-05-16 17:30:33
215,UserRegistered,3be9fa01-0b87-4329-95de-087bcb04488b,2025-05-27 14:33:34
216,UserRegistered,140d5e53-7076-438d-8f1f-08a903b2f98f,2025-05-19 04:26:47
217,UserRegistered,532409db-aa79-4404-8168-e37e4aeb9659,2025-05-22 17:33:07
218,UserRegistered,02982919-b553-436d-b845-0b67e0d4dd3d,2025-05-22 03:48:04
219,UserRegistered,93ea5857-570e-48bf-9156-448a9ed54640,2025-05-10 19:03:27
220,UserRegistered,7d68c172-2734-4cbe-8a9d-53e7d4eca9d3,2025-05-26 19:12:33
221,UserRegistered,eb7e15a0-8746-41af-80c0-1960a48f6de0,2025-05-19 20:05:44
222,UserRegistered,dc3f7f92-9463-4889-ade8-2db97290afcf,2025-05-15 05:57:35
223,UserRegistered,abf4a99d-02e4-4a74-a03e-33153ce69198,2025-05-26 20:54:29
224,UserRegistered,3ab6dffd-4987-4783-be8e-b927795c0a73,2025-05-04 23:20:59
225,UserRegistered,fcc8e64f-c22e-4b54-b686-cefaf569b5b7,2025-05-23 04:24:44
226,UserRegistered,0a9a2812-3d2e-4690-86ae-230719a8c840,2025-05-19 13:42:50
227,UserRegistered,9af7597e-1f14-4cf0-a1ad-3854bc6df271,2025-05-23 11:32:20
228,UserRegistered,e2ae032e-376b-4842-a874-f55b00c5c0a7,2025-05-29 22:31:32
229,UserRegistered,ac626ae4-f626-4799-a542-a92f5d8e8b18,2025-05-07 07:12:27
230,UserRegistered,3dcaa89a-14ff-4a0e-a4e5-3c87deceb3ce,2025-05-18 08:53:18
231,UserRegistered,d3da9a42-41ee-4208-8b14-25d31dba6774,2025-05-18 08:02:52
232,UserRegistered,cbac360d-a889-4fbb-bcef-0be773f4559d,2025-05-23 05:41:32
233,UserRegistered,70b9b3f9-68d7-496e-a061-24a352590b61,2025-05-13 14:04:43
234,UserRegistered,87c98a9a-60d5-41e2-b0db-dd3693546594,2025-05-06 22:52:36
235,UserRegistered,267094bb-cdc8-4ab7-aee1-ef96663df435,2025-05-18 00:59:47
236,UserRegistered,f187c955-0807-4ba8-b066-f9251038f858,2025-05-13 15:26:52
237,UserRegistered,55c82378-a053-4707-95fc-3b572bbd253c,2025-05-18 06:44:16
238,UserRegistered,3c996ef8-2815-4bad-b508-c16e6a348855,2025-05-24 22:08:11
239,UserRegistered,0c1b3c75-cc21-4256-8d6d-93ba8f7804a7,2025-05-16 11:13:07
240,UserRegistered,eb9271a3-5b0c-45c3-929d-8b0e5d9e2f12,2025-05-03 01:23:09
241,UserRegistered,558cf738-f202-4919-996a-869da0c7e099,2025-05-19 14:23:24
242,UserRegistered,d6329c04-fc60-486e-9dc8-48df86d39f84,2025-05-10 18:10:26
243,UserRegistered,93d01e8a-c2b0-4a37-8397-a605f5a9a8a1,2025-05-21 17:11:09
244,UserRegistered,766ccdf1-667f-4ce9-8fa2-d6426fd243f8,2025-05-07 15:10:47
245,UserRegistered,19a5b24f-6d7b-41b9-ada1-07eb03ea0e13,2025-05-04 19:56:52
246,UserRegistered,d96fca11-e7f0-4940-ac80-a1c17dec76a0,2025-05-25 00:35:15
247,UserRegistered,60a65b29-3b6a-4bb3-9b0a-16c764ab1c37,2025-05-23 06:06:38
248,UserRegistered,49bb1d6f-c21c-4c30-9e70-4f8fe252384a,2025-05-15 00:24:29
249,UserRegistered,cdc1b32c-1135-47ce-91f9-cd5c907b236a,2025-05-21 23:10:53
250,UserRegistered,61d0fc16-4c92-4041-9e3e-596eee8407f1,2025-05-27 19:13:27
251,UserRegistered,519bc728-d532-45ad-b7ac-b14f1d7eb4a4,2025-05-30 22:09:12
252,UserRegistered,8c352485-dbc1-4318-ae4e-fc51d25e9edf,2025-05-17 20:20:18
253,UserRegistered,d01b17fd-86e8-48df-a6ba-ceec863e08bf,2025-05-11 12:05:34
254,UserRegistered,2727ffb7-f0d1-4d49-906b-1ea3ea1e615c,2025-05-28 18:30:34
255,UserRegistered,d2c67d22-e344-403d-8602-68c7db1c7d3b,2025-05-29 03:36:19
256,UserRegistered,e309fb4a-a8a4-4ad0-8c4b-0bcfa9c3342c,2025-05-20 00:13:33
257,UserRegistered,0651c58a-dd7f-47cc-b64f-24e850f6193a,2025-05-28 20:39:30
258,UserRegistered,3c533fe7-d4cb-49b6-82d7-da654840c7ff,2025-05-10 02:09:16
259,UserRegistered,30069513-fe7f-4cdc-989a-52f0c0e522a9,2025-05-08 20:30:03
260,UserRegistered,3a24c6fd-9a8a-49c3-b8b4-f17fde5c1ac8,2025-05-30 16:14:38
261,UserRegistered,d1176710-dbc7-4c4b-9823-4a8cf801635c,2025-05-20 08:44:19
262,UserRegistered,98baa9ba-925b-40ba-bbb4-469586ccf97e,2025-05-09 00:04:09
263,UserRegistered,2ba1be23-12c0-406b-9545-c8c9db9b82ac,2025-05-18 00:01:08
264,UserRegistered,4807bef8-ffdb-40ce-b68a-41ffe11e6443,2025-06-01 08:00:08
265,UserRegistered,78120fcd-17f0-4201-a338-b4623e16571b,2025-05-05 09:12:23
266,UserRegistered,97334280-82c1-4ec6-9703-7ef688344a3d,2025-05-12 02:47:57
267,UserRegistered,7050c647-45ec-40fa-ae3e-163a5511de6d,2025-05-22 14:46:38
268,UserRegistered,baf0aa59-049f-4670-aabf-ff0765fd7141,2025-05-07 13:38:45
269,UserRegistered,b686ead4-1530-4a9e-b1f5-a9e20eba80f9,2025-05-08 09:59:46
270,UserRegistered,483a1d45-0598-4abd-be36-e346d0345440,2025-05-27 01:57:08
271,UserRegistered,c563d219-65ba-4aad-b8eb-0c17338b6436,2025-05-04 10:23:27
272,UserRegistered,5e0795a7-1beb-436d-840a-5510fa8a2567,2025-05-29 05:43:29
273,UserRegistered,e8f12886-3cc3-4815-b32b-cecd779d9348,2025-05-11 19:23:57
274,UserRegistered,ae15ff9b-6baa-4424-8336-2f6a4226f812,2025-05-31 22:20:59
275,UserRegistered,608ee1e3-586e-454f-8874-3055e68ef7b6,2025-05-10 05:15:31
276,UserRegistered,481f5bc1-4c94-4d25-9179-873372094cec,2025-05-21 01:21:11
277,UserRegistered,d002f556-8cd9-4c56-8018-9f3689869966,2025-05-22 00:34:41
278,UserRegistered,a87611d1-bf0d-40ad-a501-ae31857ac269,2025-05-16 00:43:47
279,UserRegistered,29ce6ea0-4d9c-4473-8315-57f23ae6a463,2025-05-18 10:37:15
280,UserRegistered,913675c5-ef50-4584-8114-8bef1577111b,2025-05-19 00:49:58
281,UserRegistered,41832894-86b5-4c88-8c1e-a62c29739b1e,2025-05-04 18:28:50
282,UserRegistered,2980d81b-513d-4f04-9a91-0cdf8b597191,2025-05-13 16:10:56
283,UserRegistered,5ba3f52c-4cb5-46bb-88a0-ee5f253b19ec,2025-06-01 17:59:49
284,UserRegistered,a1eb012a-bcd7-46b6-833d-5ad3de799166,2025-05-12 18:16:17
285,UserRegistered,39fbc685-3221-4e7f-927b-a8999f846f57,2025-05-28 15:30:24
286,UserRegistered,d6a49e35-a909-4c2f-b9b1-bd06912fddae,2025-05-21 17:32:56
287,UserRegistered,4554b6ee-4721-4058-aa0c-61f2aaeec5f2,2025-05-13 01:59:20
288,UserRegistered,881a514e-c6cb-494e-9b61-18f9b87e489c,2025-05-13 08:00:37
289,UserRegistered,56764b09-101d-4065-bbb7-643c9f9676c7,2025-05-11 01:57:36
290,UserRegistered,453c49b4-c268-4f26-86c8-e96ea82fb626,2025-05-30 23:28:29
291,UserRegistered,946cb4f4-2a77-450e-9f5c-512c3c1223b3,2025-05-31 13:32:30
292,UserRegistered,4800f9ed-9c28-4251-bb5f-c1ea70ec500f,2025-05-08 00:18:45
293,UserRegistered,262e7483-70e3-4d7e-abf2-4cb9bb03f976,2025-05-12 01:01:08
294,UserRegistered,c4c5cb96-16a8-4370-a6f8-91b5aae912d0,2025-05-06 10:26:23
295,UserRegistered,9a8cd7ec-5639-49ec-98bf-388e72050c37,2025-05-16 07:20:52
296,UserRegistered,83d4cfc2-c0be-4b7b-8209-7f4d22b3263e,2025-05-15 19:12:21
297,UserRegistered,2cb9f81c-c1d9-4110-ad36-176eb989653f,2025-05-18 17:54:10
298,UserRegistered,ac398cdd-7959-451c-98cf-b54b11eb799d,2025-05-29 23:00:38
299,UserRegistered,00449993-3780-4bd7-b3ce-85fe2b8890d1,2025-05-04 08:04:06
300,UserRegistered,e76285fa-80ef-402c-906f-2eca043c364d,2025-05-06 16:29:40
301,UserRegistered,e1d79662-ea12-431e-82d7-f792d88c0d78,2025-05-06 16:52:22
302,UserRegistered,15cba46f-bc67-4197-8dcf-b3ccde83f824,2025-05-11 02:00:22
303,UserRegistered,89592e1c-1667-498b-8de8-2f6a32fa62fd,2025-05-05 15:54:18
304,UserRegistered,939e80d1-62f4-4359-b859-f6c7011bd38b,2025-05-29 02:05:49
305,UserRegistered,663f94d3-568d-436a-8774-22219a254eba,2025-05-30 02:57:04
306,UserRegistered,d3d171c5-a4bc-4fc1-b1af-60ebcc387f8a,2025-05-21 04:55:37
307,UserRegistered,11428529-85f1-4caa-8a0a-f3cd2bbac101,2025-05-05 19:43:28
308,UserRegistered,a5354781-737a-44c4-a320-0bf29b132098,2025-05-14 14:37:34
309,UserRegistered,0dff70c2-8a52-47c4-8298-cf41ddf85dce,2025-05-12 14:56:36
310,UserRegistered,5e20e4d7-a755-484c-98bb-90740de76e7d,2025-05-15 08:03:40
311,UserRegistered,d6c38a7d-1fcc-4a55-bc65-98bcf3c2ec48,2025-05-29 13:08:22
312,UserRegistered,99164a39-8e23-4265-b4c4-2de56149ba1b,2025-05-15 14:38:42
313,UserRegistered,0cd90553-6c1d-4b46-89b9-f091242b9f4c,2025-05-30 10:15:25
314,UserRegistered,31e2c701-fd06-4bf8-a914-c1cdb9f8daf6,2025-05-12 09:37:45
315,UserRegistered,3117f656-3f37-4e48-90a1-1486cf368338,2025-05-24 08:04:51
316,UserRegistered,a1f0b276-e55d-4b77-a921-a599ac645237,2025-05-09 04:43:11
317,UserRegistered,7577e60c-970a-4015-a7f2-7191dd280b2a,2025-05-30 01:06:28
318,UserRegistered,ed860b73-f8ab-4f91-b791-793410eae0fc,2025-05-30 06:45:46
319,UserRegistered,d3d9a463-1684-48a8-a860-97ce264125dc,2025-05-05 12:54:55
320,UserRegistered,7976f930-8997-47f9-9d3f-e9220908cfd6,2025-05-12 16:48:51
321,UserRegistered,710f570f-0e35-4401-9d8a-524931036540,2025-05-20 13:28:15
322,UserRegistered,1889c132-cbf7-4d9d-835b-902754779591,2025-05-17 09:48:31
323,UserRegistered,da1cabb2-3fae-44e7-8260-5e38fc81f6ae,2025-05-30 03:13:57
324,UserRegistered,3e5c7916-b969-47be-9a36-cbe01edd0ce8,2025-05-13 11:50:37
325,UserRegistered,c056f4e8-2619-47c5-8da9-09a95ab913a1,2025-05-10 23:47:12
326,UserRegistered,8a996fa7-8a70-4f41-a894-10aa9411a618,2025-05-28 01:31:38
327,UserRegistered,e346f65f-8d5c-47ee-b8e3-a4e8dd10c667,2025-05-04 01:21:39
328,UserRegistered,8c7c1480-0c7e-4bf1-92f5-f125787bc6a8,2025-05-12 05:27:30
329,UserRegistered,cbfc42be-e254-46b9-809a-4cba04eaad14,2025-05-19 19:16:12
330,UserRegistered,e4c1a4ee-785b-4139-a17a-e15467fe8a90,2025-05-22 19:16:28
331,UserRegistered,ea02b050-6c8c-42b2-9272-1ce3f8e29001,2025-05-26 05:51:06
332,UserRegistered,c7d79b2c-3d44-4c38-8eb8-14023b6a5089,2025-05-31 17:25:38
333,UserRegistered,7ee9a0cb-cc90-45c6-8279-7570250ce374,2025-05-16 04:19:59
334,UserRegistered,8d820035-27c9-4f77-9f73-6acf31f5b09c,2025-05-28 02:30:48
335,UserRegistered,a5d35bb5-34f9-40e2-8516-00bb70bbe0e6,2025-05-11 00:37:48
336,UserRegistered,9e15a90a-fc34-4663-9785-d8da79c9ca4d,2025-05-20 20:32:25
337,UserRegistered,44f8ab47-c002-446f-bbee-6628cb37a76b,2025-05-13 22:55:00
338,UserRegistered,75882c5c-1a99-4709-81bc-88b6ecb6f86e,2025-05-30 07:20:39
339,UserRegistered,631b798f-c36e-4d72-afa2-9e05983729ee,2025-05-29 21:38:55
340,UserRegistered,3c308b5e-1f8d-40aa-8214-03107b04afc2,2025-06-01 05:10:00
341,UserRegistered,6fee4df8-8723-44e6-bd7f-ebd261126ec0,2025-05-07 18:48:28
342,UserRegistered,2566feb9-07b4-4468-905e-c3d68ecec641,2025-05-18 18:44:35
343,UserRegistered,8ddd0389-6c52-4993-96f5-78045a4ed20b,2025-05-09 04:44:10
344,UserRegistered,3f87e082-8580-49cc-9c03-59729330b72d,2025-05-12 12:29:27
345,UserRegistered,3507dddc-5a94-4b6d-94c6-4e2c514999db,2025-05-06 18:02:22
346,UserRegistered,0eafcacd-fbf5-4399-a093-e1173618f836,2025-05-03 08:36:41
347,UserRegistered,3a444236-450f-449b-881e-381b3e7b5136,2025-05-15 04:35:07
348,UserRegistered,76fccb48-73b6-4dfa-b6be-ca6c95f6ef5a,2025-05-18 22:17:36
349,UserRegistered,0c788ca6-0342-486a-a4f9-20462a7d1b45,2025-05-05 18:14:35
350,UserRegistered,4577fab1-304d-4ec3-9a8b-538411883e64,2025-05-27 05:51:09
351,UserRegistered,47565e9c-734d-4406-91a9-74940eab54c4,2025-05-12 11:47:54
352,UserRegistered,18696d19-34c3-4737-b46b-49a6c55910b8,2025-05-27 21:13:55
353,UserRegistered,13e05649-07e5-4731-b81e-8bf42178759c,2025-05-29 09:51:37
354,UserRegistered,a7d097b9-7738-4412-a44b-bcc9482c433a,2025-05-10 11:07:16
355,UserRegistered,250856c0-2b87-4ace-8d33-bf03b6d2a8ff,2025-05-20 17:14:44
356,UserRegistered,bcdfd7c9-c577-403a-bf78-65ce71ee2111,2025-05-13 19:30:23
357,UserRegistered,eef442e4-3ae4-40f4-9ce6-43b8ee68d304,2025-05-19 16:20:57
358,UserRegistered,58ad13de-692a-41f7-ad49-575280df8526,2025-05-28 09:45:17
359,UserRegistered,a309f900-9969-4a1c-8e6f-d2c763ee623b,2025-05-22 19:28:54
360,UserRegistered,88534b94-5213-4840-b069-31ad95d657d0,2025-05-25 19:17:25
361,UserRegistered,906c1509-876f-44aa-9c97-5db17b5e48ea,2025-05-26 06:46:32
362,UserRegistered,c214a866-d8a1-454d-af10-b6f8167b8608,2025-05-29 15:37:52
363,UserRegistered,b31ac302-234f-4ef5-8da4-1bcd2bf6e797,2025-05-18 03:42:08
364,UserRegistered,64041dba-104c-4d2e-b1a0-2b355ea35e32,2025-05-26 18:16:25
365,UserRegistered,09984f33-7134-4fc3-bed1-28876853f0e7,2025-05-20 08:22:54
366,UserRegistered,decdf51f-79b2-46e5-8d02-54bbdb959d7c,2025-05-11 16:22:53
367,UserRegistered,cb5ef477-be41-4f71-8f09-2e25515aee6d,2025-05-05 15:53:06
368,UserRegistered,77854319-8877-437e-ba08-76bc488fdbfc,2025-05-22 11:32:06
369,UserRegistered,1ce6a47b-21b5-4917-b479-f0bde2550e23,2025-05-11 20:55:50
370,UserRegistered,fddace9c-06d3-4a87-a444-9336c10749f2,2025-05-27 11:12:27
371,UserRegistered,b9211718-46f2-4d8e-8a40-d7dd5c33e02d,2025-05-20 16:43:07
372,UserRegistered,2050b950-4cb9-4284-a666-131d052aa155,2025-05-18 10:33:36
373,UserRegistered,f77f7dd4-9078-417d-9483-af0379364a80,2025-05-15 09:07:37
374,UserRegistered,8a43e0c6-8d27-45dc-99f6-84a8a1205d45,2025-05-26 14:44:35
375,UserRegistered,6d29c3f5-ff58-48ea-ba86-58c4d48ac37c,2025-05-26 09:40:15
376,UserRegistered,b9145c51-14f0-4817-bbda-9cb34290d0ab,2025-06-01 19:11:00
377,UserRegistered,aac96235-64e4-41da-9a7d-304c1d6dd15a,2025-05-04 12:55:09
378,UserRegistered,33815e18-1a21-4252-a312-897aa18b9ffb,2025-05-09 01:07:59
379,UserRegistered,d7cb0250-3f82-46d3-8e6d-a6a66d00d5c5,2025-05-19 13:07:35
380,UserRegistered,0cf8ce51-3f5f-4d36-9767-3db6781cf00f,2025-05-25 21:27:58
381,UserRegistered,9a373bab-d2e7-434d-ba92-00804bf551bb,2025-05-12 15:07:47
382,UserRegistered,d1d6a8b0-f556-4c33-ad3b-c0d3c8fdb791,2025-05-19 15:15:00
383,UserRegistered,6d78280a-ac69-460e-b992-9f23f75309db,2025-05-05 01:51:16
384,UserRegistered,e94d3954-b32f-4cc3-9067-df0ce03d571a,2025-05-07 00:21:40
385,UserRegistered,72cebe55-991a-4af6-a9e8-3f09620108d0,2025-05-18 08:11:08
386,UserRegistered,69dad140-9087-4c2a-b8e2-1942b6317304,2025-05-03 23:31:15
387,UserRegistered,3d645584-70fc-4f1d-9c10-7088cfcb7d7b,2025-05-22 00:50:35
388,UserRegistered,2f92ddd5-132a-4b16-94fd-d2307b6d2152,2025-06-01 10:48:17
389,UserRegistered,1202ccbf-17dc-47c1-9633-bbd0b4a74b91,2025-05-31 00:53:12
390,UserRegistered,752bfaa8-3815-46d9-8f87-84e0470aecc2,2025-05-13 06:15:19
391,UserRegistered,e551cb10-f125-43eb-b7eb-3efb3dcc9370,2025-05-21 02:08:06
392,UserRegistered,4a06e2ae-f4e7-4211-90b8-80272bba4ad6,2025-05-24 01:51:37
393,UserRegistered,4edcdc27-4c06-49ee-820b-fd188293d23c,2025-05-06 13:46:37
394,UserRegistered,6bf501b7-8673-483d-a30a-eb55a6fc8c5a,2025-05-19 00:58:36
395,UserRegistered,9d4037f7-ba81-4a15-bb66-88d43a3e5cfd,2025-05-09 16:19:37
396,UserRegistered,f47580ac-393b-4f0a-8027-0b42579d393a,2025-05-22 21:06:50
397,UserRegistered,935a5a89-76f3-4f05-a2e7-19e0f672b3ef,2025-05-30 17:06:55
398,UserRegistered,da6e0396-e564-4c02-81a1-a6d975867575,2025-05-28 07:14:28
399,UserRegistered,5f00f575-3c55-47cc-b52c-9be449c1386a,2025-05-06 18:58:23
400,UserRegistered,4a18b3a2-a5aa-481c-abe3-e44f89ad455e,2025-05-18 19:44:00
401,UserRegistered,b590c3b8-7c26-4064-8eb6-b2b2e7c57a28,2025-05-30 09:27:59
402,UserRegistered,780e079a-0839-42c1-9a9a-aacdc15c41a5,2025-05-09 08:52:55
403,UserRegistered,bc590416-ccc7-4d2a-8b66-31b1eb00f9b3,2025-05-06 09:19:20
404,UserRegistered,d580bce7-b8d1-42b2-b06b-503cd7de2a07,2025-05-10 19:06:11
405,UserRegistered,6ebece89-6c39-4e4e-8998-b0dd15dbffa0,2025-05-11 16:44:51
406,UserRegistered,51963b5b-a864-4b82-964b-fd9fd6eb56f5,2025-05-09 12:23:08
407,UserRegistered,464a333d-f142-4292-ba50-5c10a106173e,2025-05-04 03:57:03
408,UserRegistered,fb42ef0b-5110-46ce-8ddc-2cb390c18e26,2025-05-28 13:52:21
409,UserRegistered,375bcc51-3897-4563-b646-b918314abd21,2025-05-27 00:52:09
410,UserRegistered,34c73c53-b622-4f69-b13a-143cd50906b3,2025-05-28 15:08:53
411,UserRegistered,0bc8a7f7-31fa-45e4-a8f9-4e18c79d61cb,2025-05-11 10:18:07
412,UserRegistered,bb376cb4-d74c-4d25-99b8-146cf0cc29cb,2025-05-25 18:21:11
413,UserRegistered,d123673d-d35d-4c84-806e-5c2e88e5af91,2025-05-07 07:25:31
414,UserRegistered,7f29ce00-2a09-4083-97f5-f72861736511,2025-05-07 03:07:06
415,UserRegistered,419762a9-9fcb-4d3d-a87b-1519f577ed0a,2025-05-16 08:09:43
416,UserRegistered,87a39fcc-eac1-4f40-a617-658d3c7247a6,2025-05-04 03:48:53
417,UserRegistered,46c43870-c1e3-4282-a3fe-92f337f6be8c,2025-05-17 08:52:32
418,UserRegistered,62e3ca26-0a9e-4ec2-a177-5ca275e6d51a,2025-05-26 16:23:54
419,UserRegistered,ff04a913-b841-4145-b1b2-102def9c037d,2025-05-20 01:43:15
420,UserRegistered,a081ecd8-0637-45f4-a334-5f62e4d30790,2025-05-06 01:10:56
421,UserRegistered,06b49fa4-e6f6-4c55-825e-d9767e40e622,2025-05-08 23:23:16
422,UserRegistered,fed9eb51-60fe-42d2-912c-f3e8c755a747,2025-05-03 21:00:45
423,UserRegistered,488909cb-6369-4ecd-84b8-1dc06b9cdc62,2025-05-08 14:41:17
424,UserRegistered,d1bf6125-8072-426f-9895-214d1341a139,2025-05-17 15:37:10
425,UserRegistered,7a86bced-790b-4636-bb99-cde00d676a2d,2025-05-31 21:43:10
426,UserRegistered,31b7ff7a-5149-49e5-8a82-0e389b3d7574,2025-05-28 20:34:43
427,UserRegistered,6731228b-2ff1-466d-a616-f83e6e995bc5,2025-05-19 02:42:21
428,UserRegistered,6d795155-c1b8-4232-9f79-f36217910cc5,2025-05-13 05:37:39
429,UserRegistered,166471eb-3240-4d6e-8588-46a866cfd458,2025-05-21 03:00:01
430,UserRegistered,ea32f173-1b99-414b-bc82-07d09c15f255,2025-05-07 05:06:46
431,UserRegistered,8d6122a6-4db7-4f9c-91c2-d20e44541c73,2025-05-05 05:55:42
432,UserRegistered,e4f1eeb2-ee87-492f-8e06-947b42fd6724,2025-05-13 17:19:58
433,UserRegistered,25242342-cb17-4adf-b49b-d2677251c1b5,2025-05-20 07:41:31
434,UserRegistered,71de6b2a-7340-43a5-924f-7b3f718a0ab5,2025-05-30 22:08:56
435,UserRegistered,282e72b9-4171-4aa7-a875-5d4fc3624635,2025-06-01 12:27:40
436,UserRegistered,35442936-a443-403c-9e47-c1faf76a2897,2025-05-15 17:01:50
437,UserRegistered,582f6872-0c70-4483-846c-2a884e6dcb5e,2025-06-01 22:43:15
438,UserRegistered,49f039a7-d174-4ca0-9e47-3d8d96e89b19,2025-05-26 19:03:14
439,UserRegistered,69419054-1c2e-403c-b296-3d2c9271cd4d,2025-05-19 13:29:30
440,UserRegistered,d444c4da-5c5b-4d5d-9771-59e14a710b21,2025-05-04 07:22:40
441,UserRegistered,98d0b531-4e31-4206-9e3f-55811f5a3f4c,2025-05-31 13:11:49
442,UserRegistered,243e69da-a9a5-4db0-ab5e-2f75a11e3b4c,2025-05-23 18:46:46
443,UserRegistered,d45fe966-da0c-4fda-bec4-372590235675,2025-05-03 14:28:31
444,UserRegistered,86b263ea-682e-419f-ad28-e64c2b790726,2025-05-03 16:18:29
445,UserRegistered,3a2899c9-30a8-4d7d-95b2-82d03879e148,2025-05-24 02:23:10
446,UserRegistered,de6e18c3-9b8f-4af6-996f-985c8c522086,2025-05-15 05:16:29
447,UserRegistered,7050b0a3-0db6-453c-a100-340f97c13b2f,2025-05-15 15:37:42
448,UserRegistered,addf96d4-75a6-4568-9c5c-f83f983e6645,2025-05-18 14:08:49
449,UserRegistered,b44f12d8-b81c-41f8-8e43-b529563f4e7c,2025-05-10 02:35:32
450,UserRegistered,4523d280-7dcb-4258-a02a-a9c7416207e2,2025-05-08 06:03:04
451,UserRegistered,ae3cbe8b-1ff3-4604-9917-cf7a6334a648,2025-05-18 13:07:06
452,UserRegistered,5a947839-5472-4b95-92c3-24a88b1e2932,2025-05-31 02:16:29
453,UserRegistered,8e18fe1a-2611-4631-a302-b70638d43828,2025-05-23 10:51:06
454,UserRegistered,98180951-133f-4ab9-9a5b-7bc562aaa7f4,2025-05-07 16:04:39
455,UserRegistered,c1371e7b-fded-4eb8-be48-45aca47e9d5b,2025-05-24 06:48:34
456,UserRegistered,ab254b7c-56a5-4746-822c-ab52ca084246,2025-05-26 04:47:29
457,UserRegistered,d0c6c68a-a598-4865-91cf-df86558a510f,2025-05-13 10:59:45
458,UserRegistered,3b067363-e49c-4e85-916d-47b1285e2de6,2025-05-27 22:49:53
459,UserRegistered,82fd7279-80b7-4c6e-8336-ce9ed84c91e4,2025-05-05 16:02:43
460,UserRegistered,0077d8ea-6e9b-4f6b-8578-5c2446d54cfd,2025-05-18 11:17:43
461,UserRegistered,d3bf76c1-f0a7-4645-952c-e249d525dfa8,2025-05-22 14:33:30
462,UserRegistered,9958bec9-9fe3-4655-99ad-681d9d58a4f1,2025-05-30 18:46:34
463,UserRegistered,304bc4a6-0ed1-452c-8e3e-2ee85e1e33d8,2025-05-07 00:00:14
464,UserRegistered,8cd19fc3-416f-42b0-acec-e1d3597c1528,2025-05-10 01:36:04
465,UserRegistered,7b71d97c-3fa5-489f-9e5a-cb777a99b64a,2025-05-17 20:03:44
466,UserRegistered,d87cce29-c4a3-44f2-8b9e-fc6b3072c829,2025-05-08 04:30:58
467,UserRegistered,d19d76aa-ef1c-4204-bd9d-0d9e5d08b2ca,2025-05-08 18:05:26
468,UserRegistered,9442e93b-f54c-4121-9b10-4c4b0e40eb5f,2025-05-26 18:31:36
469,UserRegistered,bce2fe5f-4fd8-4734-9ba9-d132a7c51354,2025-05-14 03:16:38
470,UserRegistered,a49962b5-a142-4cb2-921c-5ba1c8427333,2025-05-05 15:25:30
471,UserRegistered,c46af0f1-4cb0-4407-93a6-a614bb446f51,2025-05-10 07:39:02
472,UserRegistered,cc276e2d-0c32-4a15-8eaa-ee7c97e58209,2025-05-24 18:59:16
473,UserRegistered,2394390c-3020-4ba5-8088-2d83cdbf9fab,2025-05-29 20:40:07
474,UserRegistered,e20eea9d-8437-46a1-852e-d4dd65e508cb,2025-05-27 08:53:03
475,UserRegistered,601168b4-14a5-4b33-95b7-ecb8a69382ff,2025-05-17 09:08:13
476,UserRegistered,58253843-556e-4713-890b-697ebb75d469,2025-05-08 10:23:58
477,UserRegistered,29ae42c9-4fa2-46ba-8cd7-975008348230,2025-05-25 10:41:33
478,UserRegistered,a7be73ee-ef4a-4a0d-957c-e77d782a1c9f,2025-05-04 14:45:40
479,UserRegistered,bf8fe810-85b9-440d-b6c5-e1b332d1ef0d,2025-05-20 17:00:17
480,UserRegistered,317d2a32-cf1b-4b0b-83db-d01f7cba9376,2025-05-30 11:41:26
481,UserRegistered,2090f10e-af79-4ec5-b475-b50d42fc2802,2025-05-15 08:30:32
482,UserRegistered,08b22f27-f354-4e9b-abea-73ece5a722e7,2025-05-04 22:15:43
483,UserRegistered,f2d7b1c5-6cf8-471b-a316-f8a8dad3c801,2025-05-14 01:09:05
484,UserRegistered,53a2eac1-8688-42d7-bbc4-bbf1ef831682,2025-05-25 20:05:33
485,UserRegistered,914a26ac-5df9-4614-8b82-243a33afcbc0,2025-05-07 17:03:13
486,UserRegistered,4845c9ee-0a91-4ba4-bf1e-0d2be2f67c95,2025-05-06 01:05:10
487,UserRegistered,381c4c98-156b-47b1-81e0-70b703949efd,2025-05-04 07:34:29
488,UserRegistered,bd46e80f-9be3-4e70-885a-5a50c87ee1eb,2025-05-31 10:06:11
489,UserRegistered,3504a5f4-6e1a-467e-acca-0f88757918c7,2025-05-19 07:29:46
490,UserRegistered,6222494f-15ad-423c-92f6-2c64ebd270b5,2025-05-29 20:43:45
491,UserRegistered,51685903-562c-4ffb-8f01-8caec61010c4,2025-05-05 10:03:27
492,UserRegistered,755ffa31-7dc5-480a-b068-7439a13c7b21,2025-05-24 23:45:53
493,UserRegistered,48796104-313a-497d-b262-2fb188eabd51,2025-05-07 20:29:11
494,UserRegistered,f10fdeb1-083c-4710-9c1d-12b511a52a6c,2025-05-10 07:47:11
495,UserRegistered,0a607cac-6755-4f4c-81e5-8a8e56022424,2025-05-20 03:34:19
496,UserRegistered,184acb4f-0299-4943-80b1-3911010a0f0a,2025-05-18 18:15:16
497,UserRegistered,6650a163-4732-4080-8c42-afd3fde0b600,2025-05-29 17:56:06
498,UserRegistered,f455451e-5b89-445e-a556-67a5a9eacde6,2025-05-14 06:21:30
499,UserRegistered,e8d39e5e-d28a-4ea7-a4ad-9840d518a35c,2025-05-04 06:12:27
500,UserRegistered,15c39555-d1df-4689-a2cf-66d45f9a35af,2025-05-22 04:00:50
